step,total_loss,actor_loss,q1_loss,q2_loss,alpha
1,0.7181047797203064,-0.3213202953338623,0.5353880524635315,0.5040370225906372,0.19993999600410461
2,0.5126999616622925,-0.2931976616382599,0.4128444492816925,0.39305317401885986,0.19988006353378296
3,0.6440101861953735,-0.26527509093284607,0.4590665102005005,0.4502187669277191,0.1998201608657837
4,0.523425817489624,-0.220488503575325,0.37575504183769226,0.3681592643260956,0.19976037740707397
5,0.4952247142791748,-0.18932510912418365,0.345923513174057,0.33862629532814026,0.1997007131576538
6,0.4944121241569519,-0.2018909454345703,0.3547342121601105,0.34156885743141174,0.19964094460010529
7,0.42656347155570984,-0.16848567128181458,0.2942071855068207,0.30084195733070374,0.19958119094371796
8,0.4777454733848572,-0.14891614019870758,0.3081061542034149,0.31855547428131104,0.19952143728733063
9,0.4373273253440857,-0.12933047115802765,0.2824750244617462,0.2841827869415283,0.1994616538286209
10,0.4104815125465393,-0.10577887296676636,0.24521933495998383,0.27104106545448303,0.19940185546875
11,0.3899689316749573,-0.11556795239448547,0.2484571486711502,0.25707975029945374,0.19934192299842834
12,0.48750725388526917,-0.054456926882267,0.2687899172306061,0.2731742560863495,0.19928205013275146
13,0.37674373388290405,-0.03314104676246643,0.1981445848941803,0.211740180850029,0.19922220706939697
14,0.3090962767601013,-0.013821760192513466,0.156134694814682,0.16678333282470703,0.1991623342037201
15,0.3528417944908142,0.024665331467986107,0.1537298560142517,0.17444659769535065,0.19910255074501038
16,0.35426437854766846,0.021996719762682915,0.16411170363426208,0.16815593838691711,0.19904278218746185
17,0.40137407183647156,0.07272596657276154,0.15646782517433167,0.17218028008937836,0.19898304343223572
18,0.3442160189151764,0.08225545287132263,0.1247628778219223,0.13719768822193146,0.19892331957817078
19,0.30117174983024597,0.0813160315155983,0.10178178548812866,0.11807394027709961,0.1988634318113327
20,0.4149046540260315,0.13438880443572998,0.13646048307418823,0.14405538141727448,0.19880357384681702
21,0.38311511278152466,0.1702904850244522,0.09755950421094894,0.1152651458978653,0.19874371588230133
22,0.41436174511909485,0.1996595710515976,0.10872385650873184,0.10597831010818481,0.19868390262126923
23,0.49566322565078735,0.20892831683158875,0.14349408447742462,0.143240824341774,0.1986241340637207
24,0.42577630281448364,0.2154710590839386,0.10733521729707718,0.10297001898288727,0.1985643357038498
25,0.35926011204719543,0.23648029565811157,0.05776107311248779,0.06501875072717667,0.1985044777393341
26,0.3114267587661743,0.26200804114341736,0.018509186804294586,0.03090953826904297,0.19844460487365723
27,0.41586828231811523,0.30844175815582275,0.05055776610970497,0.056868769228458405,0.19838477671146393
28,0.4185032546520233,0.31268763542175293,0.05598970130085945,0.04982590675354004,0.1983250230550766
29,0.3671841621398926,0.301285982131958,0.02981528639793396,0.03608288988471031,0.1982651799917221
30,0.39564642310142517,0.3267863392829895,0.033674996346235275,0.03518510237336159,0.19820526242256165
31,0.40807169675827026,0.3885308504104614,0.008914612233638763,0.010626235045492649,0.19814544916152954
32,0.4167605936527252,0.39813458919525146,0.009587664157152176,0.009038339368999004,0.1980856955051422
33,0.5102728009223938,0.4212478697299957,0.04444563761353493,0.044579293578863144,0.19802597165107727
34,0.5485252737998962,0.3920435607433319,0.08510831743478775,0.07137339562177658,0.19796617329120636
35,0.5221491456031799,0.4448007345199585,0.04235801473259926,0.034990403801202774,0.1979064643383026
36,0.6130971312522888,0.442279577255249,0.09257100522518158,0.07824652642011642,0.19784671068191528
37,0.45375174283981323,0.4301567077636719,0.01285325363278389,0.01074176374822855,0.19778697192668915
38,0.4895481765270233,0.4717399477958679,0.00993247888982296,0.007875754497945309,0.19772730767726898
39,0.5356845855712891,0.4523930847644806,0.03986610844731331,0.043425388634204865,0.1976677030324936
40,0.5170255899429321,0.44160470366477966,0.03719606250524521,0.038224831223487854,0.19760814309120178
41,0.5397275686264038,0.4531863331794739,0.04501546546816826,0.041525792330503464,0.19754859805107117
42,0.4606448709964752,0.4461909830570221,0.007124964613467455,0.007328914012759924,0.19748905301094055
43,0.4567854404449463,0.4471030831336975,0.004766498692333698,0.004915859550237656,0.19742944836616516
44,0.49263089895248413,0.46913942694664,0.012259487062692642,0.011231997050344944,0.19736991822719574
45,0.4826183021068573,0.472243994474411,0.005120328161865473,0.005253962241113186,0.19731049239635468
46,0.5501673221588135,0.46524161100387573,0.04425232112407684,0.0406733974814415,0.19725114107131958
47,0.4368033707141876,0.4233761429786682,0.007984024472534657,0.005443228874355555,0.1971917450428009
48,0.6867007613182068,0.4322936236858368,0.13134390115737915,0.12306326627731323,0.19713237881660461
49,0.6546801924705505,0.4517279267311096,0.1051962673664093,0.09775596857070923,0.19707311689853668
50,0.5863749980926514,0.420156866312027,0.08363182097673416,0.08258629590272903,0.19701388478279114
51,0.6253296732902527,0.42212700843811035,0.09961308538913727,0.10358960181474686,0.19695471227169037
52,0.5719820857048035,0.4140014946460724,0.07999918609857559,0.07798139750957489,0.1968955248594284
53,0.49590083956718445,0.40984857082366943,0.0453474186360836,0.04070485010743141,0.19683638215065002
54,0.5603566765785217,0.38471490144729614,0.0908217802643776,0.08482000231742859,0.19677720963954926
55,0.4663269519805908,0.3851217031478882,0.041105493903160095,0.040099743753671646,0.19671812653541565
56,0.5394529700279236,0.39382296800613403,0.07608101516962051,0.06954899430274963,0.19665904343128204
57,0.4166576564311981,0.38510406017303467,0.016695652157068253,0.014857941307127476,0.19659997522830963
58,0.580609142780304,0.38014456629753113,0.1004234030842781,0.10004120320081711,0.1965409219264984
59,0.4822874367237091,0.39686939120292664,0.041392069309949875,0.04402599483728409,0.1964818686246872
60,0.4389919936656952,0.3961372673511505,0.0217913705855608,0.02106335386633873,0.19642283022403717
61,0.5195202827453613,0.37052974104881287,0.07734763622283936,0.07164289802312851,0.19636380672454834
62,0.4960959255695343,0.3688093423843384,0.06523528695106506,0.062051285058259964,0.19630470871925354
63,0.5360184907913208,0.4059184789657593,0.06358940899372101,0.06651061773300171,0.1962457001209259
64,0.4070858955383301,0.3702545464038849,0.01908169873058796,0.01774962991476059,0.19618666172027588
65,0.5113611221313477,0.38961195945739746,0.06356792896986008,0.05818125605583191,0.19612768292427063
66,0.5744624137878418,0.3811705410480499,0.10065419226884842,0.09263766556978226,0.1960686892271042
67,0.5116166472434998,0.3911379277706146,0.06250335276126862,0.05797535181045532,0.19600960612297058
68,0.4877316653728485,0.40806418657302856,0.04130697250366211,0.03836050629615784,0.19595059752464294
69,0.5241013169288635,0.4340130388736725,0.04592861235141754,0.0441596657037735,0.19589164853096008
70,0.455356240272522,0.4338841438293457,0.010483914986252785,0.010988184250891209,0.19583271443843842
71,0.5525223612785339,0.44744494557380676,0.05305413156747818,0.052023276686668396,0.1957738697528839
72,0.5582965612411499,0.47619056701660156,0.040174003690481186,0.04193200170993805,0.195715069770813
73,0.5127120614051819,0.49940794706344604,0.0071036131121218204,0.0062004635110497475,0.19565634429454803
74,0.5054118633270264,0.49250245094299316,0.007416547741740942,0.005492876283824444,0.19559763371944427
75,0.6345977783203125,0.503149151802063,0.06960166990756989,0.06184699386358261,0.1955389529466629
76,0.5154780745506287,0.5034595727920532,0.006559162400662899,0.00545935332775116,0.19548024237155914
77,0.6162620186805725,0.48448899388313293,0.06832554191350937,0.0634474828839302,0.19542154669761658
78,0.6701525449752808,0.5105295181274414,0.08124220371246338,0.07838083803653717,0.195362851023674
79,0.5480273365974426,0.5390090942382812,0.004820478614419699,0.0041977823711931705,0.19530421495437622
80,0.6021722555160522,0.5132434368133545,0.045827336609363556,0.0431014709174633,0.19524550437927246
81,0.5811830759048462,0.5038534998893738,0.041500274091959,0.0358293242752552,0.1951867938041687
82,0.5763102173805237,0.501983642578125,0.037467364221811295,0.036859191954135895,0.19512806832790375
83,0.6577131748199463,0.5583362579345703,0.05020515248179436,0.049171727150678635,0.19506950676441193
84,0.5698883533477783,0.5578518509864807,0.005661763716489077,0.006374707445502281,0.19501091539859772
85,0.6223635673522949,0.5441470742225647,0.042436808347702026,0.03577970713376999,0.19495239853858948
86,0.7861833572387695,0.5396597981452942,0.1255943775177002,0.12092921137809753,0.19489383697509766
87,0.6070083975791931,0.5629194378852844,0.022680826485157013,0.02140812575817108,0.19483527541160583
88,0.6313570737838745,0.5028268098831177,0.06436251848936081,0.06416776776313782,0.19477656483650208
89,0.599042534828186,0.4933483898639679,0.05484399199485779,0.05085013806819916,0.19471780955791473
90,0.5964159965515137,0.5260980725288391,0.03834814205765724,0.03196979686617851,0.19465909898281097
91,0.5201200842857361,0.503670871257782,0.008613982237875462,0.007835200056433678,0.1946004182100296
92,0.5215733051300049,0.49666765332221985,0.013128750026226044,0.01177691388875246,0.194541797041893
93,0.6218626499176025,0.4852747321128845,0.06936438381671906,0.06722354143857956,0.1944832056760788
94,0.7387135624885559,0.496218204498291,0.1252550631761551,0.1172402948141098,0.19442465901374817
95,0.6245986223220825,0.48903888463974,0.07006408274173737,0.06549568474292755,0.19436611235141754
96,0.7182474136352539,0.4954850673675537,0.11471417546272278,0.1080482080578804,0.1943075805902481
97,0.5976526737213135,0.5198456048965454,0.039819538593292236,0.037987541407346725,0.19424909353256226
98,0.7412655353546143,0.501457691192627,0.12030929327011108,0.11949857324361801,0.19419068098068237
99,0.5457062721252441,0.5267547369003296,0.009131302125751972,0.009820225648581982,0.19413228332996368
100,0.5909936428070068,0.5274642705917358,0.030244123190641403,0.03328525274991989,0.19407394528388977
101,0.5805407166481018,0.5104823708534241,0.036732710897922516,0.03332561254501343,0.19401560723781586
102,0.6754659414291382,0.5443187952041626,0.06750667840242386,0.06364044547080994,0.19395731389522552
103,0.6683530807495117,0.5471166968345642,0.06220284104347229,0.05903351306915283,0.19389896094799042
104,0.6846176385879517,0.5306606292724609,0.07895012199878693,0.0750068724155426,0.19384057819843292
105,0.633945643901825,0.5639697909355164,0.03594128414988518,0.03403453156352043,0.19378215074539185
106,0.6466113924980164,0.518521249294281,0.06407450139522552,0.06401561945676804,0.19372376799583435
107,0.6774340867996216,0.565822184085846,0.05538782849907875,0.056224048137664795,0.19366537034511566
108,0.685237467288971,0.49981313943862915,0.0938614010810852,0.09156292676925659,0.19360697269439697
109,0.8300574421882629,0.5807607769966125,0.13030719757080078,0.1189894750714302,0.19354870915412903
110,0.703228771686554,0.5672816038131714,0.07063490152359009,0.06531228870153427,0.19349054992198944
111,0.6906940937042236,0.5577597618103027,0.06943604350090027,0.06349823623895645,0.19343240559101105
112,0.7787333130836487,0.5802033543586731,0.10351914167404175,0.09501083940267563,0.19337430596351624
113,0.619284987449646,0.5937423706054688,0.013233888894319534,0.012308715842664242,0.19331619143486023
114,0.6069340705871582,0.5860562920570374,0.010496718809008598,0.010381069965660572,0.193258136510849
115,0.7201253175735474,0.588024914264679,0.06831105798482895,0.06378936022520065,0.19320015609264374
116,0.7223622798919678,0.6021250486373901,0.061844632029533386,0.05839257314801216,0.19314226508140564
117,0.6259492635726929,0.5545789003372192,0.03845372796058655,0.03291663900017738,0.19308431446552277
118,0.6434401869773865,0.5733309984207153,0.035569120198488235,0.034540049731731415,0.19302639365196228
119,0.6679514646530151,0.605742335319519,0.030726848170161247,0.031482283025979996,0.19296857714653015
120,0.6665254831314087,0.6115849018096924,0.02556966245174408,0.02937089279294014,0.19291073083877563
121,0.7524102926254272,0.6139911413192749,0.07017666101455688,0.06824252009391785,0.1928528994321823
122,0.8551950454711914,0.6081492900848389,0.12790802121162415,0.11913776397705078,0.19279499351978302
123,0.6410096287727356,0.621966540813446,0.008606860414147377,0.01043625082820654,0.1927371621131897
124,0.6495240330696106,0.6218322515487671,0.013215641491115093,0.014476120471954346,0.19267934560775757
125,0.7580599188804626,0.6097993850708008,0.07200261950492859,0.07625788450241089,0.19262143969535828
126,0.7461270093917847,0.6191565990447998,0.06475181877613068,0.062218617647886276,0.19256353378295898
127,0.7830241322517395,0.6074166297912598,0.0885191485285759,0.08708836138248444,0.19250565767288208
128,0.6855700612068176,0.5929078459739685,0.04660622775554657,0.046055953949689865,0.19244785606861115
129,0.854751467704773,0.5704144239425659,0.1465434432029724,0.13779357075691223,0.19239017367362976
130,0.6528458595275879,0.5757787823677063,0.03941568732261658,0.03765140101313591,0.19233249127864838
131,0.6658203601837158,0.6446146368980408,0.01113514881581068,0.01007058098912239,0.19227491319179535
132,0.6759263873100281,0.608531653881073,0.03503647446632385,0.03235824778676033,0.19221727550029755
133,0.7793962955474854,0.6609846353530884,0.06100887060165405,0.05740278214216232,0.19215963780879974
134,0.7569006681442261,0.6347227096557617,0.062152281403541565,0.0600256621837616,0.19210204482078552
135,0.7208781242370605,0.6164299249649048,0.05448806658387184,0.04996015131473541,0.1920444369316101
136,0.6300927996635437,0.5805233716964722,0.024415461346507072,0.025154000148177147,0.1919865906238556
137,0.8577786684036255,0.6319252252578735,0.11601942777633667,0.10983400046825409,0.19192874431610107
138,0.8570734262466431,0.5969929099082947,0.13454295694828033,0.12553758919239044,0.19187094271183014
139,0.6637970805168152,0.6439744234085083,0.01049911230802536,0.009323546662926674,0.19181321561336517
140,0.8060721158981323,0.6320308446884155,0.09099756926298141,0.0830436646938324,0.19175560772418976
141,0.6901105642318726,0.6603125333786011,0.01668357104063034,0.013114429078996181,0.19169798493385315
142,0.685733437538147,0.6572259068489075,0.01541457511484623,0.013092920184135437,0.1916404366493225
143,0.6773223876953125,0.654192328453064,0.011797478422522545,0.011332572437822819,0.19158296287059784
144,0.8500125408172607,0.6507662534713745,0.09932777285575867,0.09991850703954697,0.19152553379535675
145,0.7804055213928223,0.7113549709320068,0.03490712493658066,0.03414344787597656,0.19146807491779327
146,0.7356878519058228,0.724274754524231,0.0057167480699718,0.005696353502571583,0.19141066074371338
147,0.6967988610267639,0.6837149858474731,0.006477663293480873,0.006606195587664843,0.1913531869649887
148,0.7557483911514282,0.6921605467796326,0.03391033411026001,0.029677486047148705,0.19129572808742523
149,0.6955280900001526,0.6807949542999268,0.007109363563358784,0.007623773068189621,0.19123825430870056
150,0.7480695843696594,0.7328914403915405,0.007309152279049158,0.007869004271924496,0.19118084013462067
151,0.7561007142066956,0.7384818196296692,0.009003536775708199,0.008615346625447273,0.19112342596054077
152,0.8177924752235413,0.6810638308525085,0.0705673098564148,0.06616131961345673,0.19106599688529968
153,0.7894503474235535,0.7288870811462402,0.030657459050416946,0.02990577556192875,0.19100868701934814
154,0.8045335412025452,0.7322397828102112,0.03745144605636597,0.03484228998422623,0.1909513771533966
155,0.7587416768074036,0.7448903918266296,0.006885828450322151,0.006965445354580879,0.19089414179325104
156,0.7231426239013672,0.7023124098777771,0.010632483288645744,0.01019776426255703,0.19083698093891144
157,0.8127590417861938,0.6540852189064026,0.08354122936725616,0.07513260096311569,0.19077982008457184
158,0.7902408242225647,0.6916271448135376,0.05073962360620499,0.04787401482462883,0.19072262942790985
159,0.7672958970069885,0.757289469242096,0.004149004817008972,0.00585741875693202,0.19066552817821503
160,0.7767152190208435,0.6935896277427673,0.04195171222090721,0.041173890233039856,0.19060848653316498
161,0.7874380350112915,0.7081419229507446,0.039395228028297424,0.039900898933410645,0.19055140018463135
162,0.8200423717498779,0.708340585231781,0.059409961104393005,0.05229182168841362,0.19049431383609772
163,0.7868963479995728,0.7204281091690063,0.03332502022385597,0.033143214881420135,0.19043725728988647
164,0.7314566373825073,0.7075402736663818,0.011384165845811367,0.012532147578895092,0.1903802454471588
165,0.7566529512405396,0.6872086524963379,0.03616422787308693,0.03328004851937294,0.1903230845928192
166,0.6955018639564514,0.6746580600738525,0.009265298023819923,0.0115785151720047,0.1902659386396408
167,0.7232919931411743,0.691643238067627,0.015519747510552406,0.016128990799188614,0.19020883738994598
168,0.7925354838371277,0.7807635068893433,0.004936810117214918,0.006835168227553368,0.19015181064605713
169,0.7974542379379272,0.7834513187408447,0.006522109732031822,0.007480783388018608,0.19009479880332947
170,0.8131752014160156,0.7636963129043579,0.023324493318796158,0.026154370978474617,0.19003786146640778
171,0.8107281923294067,0.7981212735176086,0.006359647028148174,0.00624728063121438,0.1899809092283249
172,0.8205514550209045,0.8101881742477417,0.005035325884819031,0.005327921826392412,0.1899239867925644
173,0.7797414660453796,0.7613018155097961,0.008092564530670643,0.010347055271267891,0.18986712396144867
174,0.8405265808105469,0.8278385400772095,0.00617613922804594,0.0065119294449687,0.1898101270198822
175,0.9041319489479065,0.8187289237976074,0.04267965257167816,0.04272338002920151,0.18975311517715454
176,0.8457092642784119,0.7883597612380981,0.028199458494782448,0.02915007993578911,0.18969608843326569
177,0.797312319278717,0.7838062047958374,0.005664139520376921,0.007841981016099453,0.18963903188705444
178,0.9973563551902771,0.8034564256668091,0.09676450490951538,0.09713543206453323,0.18958209455013275
179,0.9622879028320312,0.7853091955184937,0.08935600519180298,0.08762267976999283,0.18952520191669464
180,0.878848671913147,0.7454313635826111,0.06664163619279861,0.06677569448947906,0.1894683688879013
181,0.9410050511360168,0.8136166334152222,0.0664515271782875,0.06093688681721687,0.18941156566143036
182,0.8487707376480103,0.7817343473434448,0.03300081565976143,0.03403554484248161,0.18935485184192657
183,0.8813025951385498,0.7191638946533203,0.0800015926361084,0.0821370929479599,0.18929818272590637
184,0.8621485233306885,0.7580353021621704,0.05497460067272186,0.04913859814405441,0.18924160301685333
185,0.7602252960205078,0.6787224411964417,0.04267505928874016,0.038827765733003616,0.18918506801128387
186,0.753434419631958,0.7109549045562744,0.020141111686825752,0.022338420152664185,0.18912850320339203
187,0.8246357440948486,0.7534040212631226,0.03615933284163475,0.035072408616542816,0.18907202780246735
188,0.9021540880203247,0.8121963739395142,0.04735877364873886,0.04259896278381348,0.18901553750038147
189,0.8497377634048462,0.7748061418533325,0.03723852336406708,0.037693072110414505,0.1889590322971344
190,0.9581714272499084,0.7507259249687195,0.106692373752594,0.10075311362743378,0.18890245258808136
191,0.8016608953475952,0.789599597454071,0.0058722589164972305,0.006189065985381603,0.18884582817554474
192,0.8520041108131409,0.7905492186546326,0.032057732343673706,0.02939719147980213,0.1887892782688141
193,0.8396000862121582,0.7787399888038635,0.02910681441426277,0.0317533016204834,0.18873277306556702
194,1.0239278078079224,0.8391920328140259,0.09270590543746948,0.0920298770070076,0.18867629766464233
195,7.034054279327393,0.8276645541191101,3.1012442111968994,3.1051454544067383,0.18861980736255646
196,0.9125304222106934,0.843969464302063,0.03382095322012901,0.03474003076553345,0.18856333196163177
197,1.0029404163360596,0.8759470582008362,0.06676866859197617,0.06022466719150543,0.18850691616535187
198,7.010614395141602,0.8977081775665283,3.040752649307251,3.0721535682678223,0.18845058977603912
199,0.980813205242157,0.9064280986785889,0.037837814539670944,0.03654732555150986,0.18839424848556519
200,1.0712116956710815,0.9873919486999512,0.0438169501721859,0.04000287503004074,0.18833795189857483
201,1.2249376773834229,0.9946049451828003,0.11782069504261017,0.11251200735569,0.18828172981739044
202,0.9381150603294373,0.9126936197280884,0.012881220318377018,0.012540241703391075,0.18822555243968964
203,1.0000489950180054,0.974086344242096,0.01293732039630413,0.013025397434830666,0.18816940486431122
204,1.0542523860931396,0.908221960067749,0.0727464109659195,0.07328403741121292,0.18811330199241638
205,1.0112440586090088,0.9445948600769043,0.03274954482913017,0.033899661153554916,0.18805722892284393
206,0.8972631096839905,0.8824577927589417,0.008115854114294052,0.006689483765512705,0.18800121545791626
207,0.838618278503418,0.8227587938308716,0.007674971595406532,0.008184470236301422,0.1879452019929886
208,1.0007760524749756,0.8656454086303711,0.06675173342227936,0.06837897002696991,0.18788917362689972
209,0.9221022725105286,0.7869200706481934,0.0687902420759201,0.0663919672369957,0.1878330111503601
210,0.9033858180046082,0.8406054973602295,0.0318053662776947,0.03097490966320038,0.1877768486738205
211,0.8588401675224304,0.8380945324897766,0.011059044860303402,0.009686575271189213,0.18772071599960327
212,0.8802967667579651,0.7973082065582275,0.042254332453012466,0.04073423892259598,0.18766456842422485
213,0.8672903776168823,0.7800240516662598,0.04409121721982956,0.043175093829631805,0.18760842084884644
214,0.9868742227554321,0.813113808631897,0.0889715701341629,0.08478885143995285,0.1875522881746292
215,0.8198239207267761,0.7891855239868164,0.0163256973028183,0.014312706887722015,0.18749620020389557
216,0.89582759141922,0.8188496828079224,0.03968372568488121,0.03729422017931938,0.1874402016401291
217,13.085929870605469,0.8239104151725769,6.129444122314453,6.132575035095215,0.18738417327404022
218,0.899322509765625,0.8763353824615479,0.009905213490128517,0.013081908226013184,0.18732807040214539
219,7.08818244934082,0.9804707169532776,3.0598561763763428,3.0478553771972656,0.18727190792560577
220,1.0065585374832153,0.9236916303634644,0.042136214673519135,0.040730688720941544,0.1872156411409378
221,1.261122465133667,1.0246256589889526,0.11834290623664856,0.11815398186445236,0.1871594339609146
222,1.1196523904800415,1.0694859027862549,0.02746463567018509,0.022701844573020935,0.1871033012866974
223,0.9851698279380798,0.9492027759552002,0.018593106418848038,0.017373891547322273,0.18704713881015778
224,1.2579556703567505,1.0873111486434937,0.08845197409391403,0.08219252526760101,0.18699108064174652
225,1.1140626668930054,1.0545152425765991,0.03020557574927807,0.029341798275709152,0.18693503737449646
226,1.024747610092163,0.9966346025466919,0.013980920426547527,0.014132083393633366,0.186878964304924
227,1.044891357421875,1.0033117532730103,0.021383458748459816,0.02019614726305008,0.18682289123535156
228,0.9802300333976746,0.9532304406166077,0.0119629530236125,0.015036648139357567,0.1867668777704239
229,1.194556713104248,1.003096580505371,0.09699927270412445,0.09446082264184952,0.1867108792066574
230,1.3183813095092773,0.975041389465332,0.16846734285354614,0.17487265169620514,0.18665485084056854
231,0.9091293811798096,0.8829913139343262,0.011745689436793327,0.014392352662980556,0.1865987628698349
232,0.9422641396522522,0.8603825569152832,0.04017767310142517,0.04170387610793114,0.18654268980026245
233,0.8988251686096191,0.8655419945716858,0.016643615439534187,0.016639510169625282,0.18648661673069
234,0.8872271776199341,0.8609767556190491,0.012891762889921665,0.01335867028683424,0.18643054366111755
235,0.935131847858429,0.894551694393158,0.01960107684135437,0.020979123190045357,0.18637455999851227
236,1.001198649406433,0.7986761331558228,0.10015466064214706,0.10236792266368866,0.18631860613822937
237,1.0254263877868652,0.8704172968864441,0.07584750652313232,0.0791616141796112,0.18626263737678528
238,0.9277445673942566,0.8196874856948853,0.0572003498673439,0.05085672438144684,0.18620674312114716
239,6.913010597229004,0.8493353724479675,3.0302634239196777,3.0334115028381348,0.18615083396434784
240,1.0143442153930664,0.875041127204895,0.06995448470115662,0.0693485364317894,0.18609488010406494
241,0.9828618168830872,0.8973332643508911,0.04385299235582352,0.04167556017637253,0.1860390305519104
242,1.097316861152649,0.9069679975509644,0.10001122951507568,0.09033762663602829,0.18598319590091705
243,1.100981593132019,0.8986026048660278,0.1013059988617897,0.1010730192065239,0.1859273761510849
244,1.004162073135376,0.9803818464279175,0.011301659047603607,0.012478584423661232,0.18587163090705872
245,1.1966981887817383,0.9933516979217529,0.10296600311994553,0.10038048774003983,0.1858159601688385
246,1.0641024112701416,0.9720561504364014,0.045785583555698395,0.046260666102170944,0.18576030433177948
247,1.1048214435577393,1.0316511392593384,0.035872336477041245,0.03729793056845665,0.18570460379123688
248,1.0296807289123535,0.9399245381355286,0.04463384672999382,0.04512234404683113,0.18564897775650024
249,1.1095677614212036,1.0372477769851685,0.037651486694812775,0.03466849401593208,0.1855933666229248
250,1.05906081199646,0.9460782408714294,0.05691131576895714,0.05607130378484726,0.1855376958847046
251,1.053572654724121,0.9726483821868896,0.039895884692668915,0.04102835804224014,0.1854819655418396
252,1.0359632968902588,0.9765354990959167,0.029286611825227737,0.03014126606285572,0.18542629480361938
253,0.9650008082389832,0.9427242279052734,0.011544766835868359,0.010731834918260574,0.18537059426307678
254,1.1423999071121216,1.0049853324890137,0.06753788888454437,0.06987670809030533,0.18531493842601776
255,0.991993248462677,0.9634648561477661,0.01318562775850296,0.015342782251536846,0.18525928258895874
256,1.0032482147216797,0.9222953915596008,0.04268573969602585,0.03826708719134331,0.1852036565542221
257,1.0772044658660889,1.0457046031951904,0.01624562032520771,0.015254287980496883,0.18514803051948547
258,0.9913920760154724,0.9371694326400757,0.027602531015872955,0.02662006951868534,0.18509246408939362
259,1.1538177728652954,1.029076099395752,0.06316039711236954,0.06158122792840004,0.18503695726394653
260,1.0705949068069458,1.0078943967819214,0.03341914340853691,0.02928132563829422,0.18498146533966064
261,1.0510823726654053,0.9189903736114502,0.066704660654068,0.06538736075162888,0.184925839304924
262,1.0440521240234375,0.963100790977478,0.0398062989115715,0.041145097464323044,0.18487021327018738
263,1.034672498703003,1.0163133144378662,0.009069560095667839,0.009289579465985298,0.18481452763080597
264,0.9345403909683228,0.914271354675293,0.010400952771306038,0.009868064895272255,0.18475884199142456
265,1.0495859384536743,1.028098225593567,0.010829994454979897,0.010657689534127712,0.18470314145088196
266,1.0504374504089355,0.9378024339675903,0.058898717164993286,0.05373626947402954,0.1846475601196289
267,1.1397082805633545,1.0298877954483032,0.056501127779483795,0.0533192977309227,0.18459206819534302
268,6.929739952087402,1.0061641931533813,2.9541642665863037,2.9694111347198486,0.18453660607337952
269,1.155395269393921,1.056481122970581,0.04853571578860283,0.050378404557704926,0.18448111414909363
270,1.1727787256240845,1.028746485710144,0.07381033897399902,0.070221908390522,0.18442556262016296
271,1.0487191677093506,1.0270479917526245,0.01048294361680746,0.011188259348273277,0.18437007069587708
272,1.092445731163025,1.0077025890350342,0.042114656418561935,0.04262850433588028,0.18431459367275238
273,6.855530738830566,1.0687309503555298,2.8801558017730713,2.9066436290740967,0.18425923585891724
274,1.177071213722229,1.1588214635849,0.008467219769954681,0.009782599285244942,0.1842038929462433
275,1.2272329330444336,1.15043044090271,0.0408395417034626,0.03596287965774536,0.1841486543416977
276,1.2357696294784546,1.171779751777649,0.03422107174992561,0.029768850654363632,0.1840934306383133
277,1.1245204210281372,1.0437475442886353,0.042040422558784485,0.038732439279556274,0.18403811752796173
278,1.2937790155410767,1.0765843391418457,0.11130132526159286,0.10589340329170227,0.1839827448129654
279,1.2646046876907349,1.052835464477539,0.11009981483221054,0.10166940093040466,0.18392740190029144
280,1.1242876052856445,1.0413386821746826,0.04009729251265526,0.042851708829402924,0.18387213349342346
281,1.1774390935897827,1.061935544013977,0.05677957832813263,0.058723948895931244,0.1838168352842331
282,1.1028627157211304,0.972835123538971,0.06344947218894958,0.06657815724611282,0.1837616264820099
283,1.1871392726898193,1.0283794403076172,0.08188915252685547,0.07687070965766907,0.1837064027786255
284,1.1926864385604858,1.0408935546875,0.07810549437999725,0.07368739694356918,0.18365126848220825
285,1.0210942029953003,0.9914219379425049,0.015153950080275536,0.0145182516425848,0.18359613418579102
286,1.1131508350372314,0.963637113571167,0.07574354857206345,0.07377015799283981,0.18354101479053497
287,1.0682880878448486,0.9783462285995483,0.04750748351216316,0.042434390634298325,0.18348586559295654
288,1.0372745990753174,0.9073657393455505,0.06628286093473434,0.0636259913444519,0.18343083560466766
289,1.1263450384140015,0.9789005517959595,0.07743193954229355,0.07001251727342606,0.18337589502334595
290,1.0287665128707886,0.9949761629104614,0.01790931634604931,0.015881067141890526,0.18332092463970184
291,1.1402802467346191,0.9306293725967407,0.10685461014509201,0.1027962937951088,0.18326598405838013
292,1.1362799406051636,1.0284934043884277,0.05524422973394394,0.05254234001040459,0.18321110308170319
293,1.096462368965149,1.0128202438354492,0.04250665754079819,0.04113540053367615,0.18315616250038147
294,1.116699457168579,0.9532111883163452,0.08300461620092392,0.08048373460769653,0.18310122191905975
295,1.0702688694000244,1.046847939491272,0.010719146579504013,0.012701711617410183,0.1830463409423828
296,1.2726428508758545,1.0667363405227661,0.10397683084011078,0.10192965716123581,0.18299143016338348
297,1.2313512563705444,1.065140962600708,0.0820867046713829,0.08412361890077591,0.1829364150762558
298,1.211098074913025,1.0864624977111816,0.061993423849344254,0.06264210492372513,0.1828814446926117
299,1.0957231521606445,1.0667216777801514,0.014095212332904339,0.014906310476362705,0.18282654881477356
300,1.1146481037139893,1.0913770198822021,0.010489827953279018,0.012781262397766113,0.1827717423439026
301,1.20902681350708,1.1273573637008667,0.041978899389505386,0.03969044238328934,0.182716965675354
302,1.1726313829421997,1.145859956741333,0.014072042889893055,0.012699409388005733,0.18266217410564423
303,1.2045056819915771,1.1385424137115479,0.034498173743486404,0.0314650759100914,0.18260735273361206
304,1.1904520988464355,1.1263295412063599,0.03322269394993782,0.030899908393621445,0.1825524866580963
305,1.1052418947219849,1.0829873085021973,0.010941607877612114,0.011312931776046753,0.18249765038490295
306,1.2718108892440796,1.1387455463409424,0.06843022257089615,0.06463517248630524,0.18244291841983795
307,1.2089170217514038,1.1966607570648193,0.006016382947564125,0.006239895708858967,0.1823880523443222
308,1.1851967573165894,1.1693150997161865,0.007658123970031738,0.008223525248467922,0.18233326077461243
309,1.200169563293457,1.1351608037948608,0.03391647711396217,0.0310923270881176,0.18227852880954742
310,1.1688868999481201,1.1372405290603638,0.015481874346733093,0.016164513304829597,0.18222393095493317
311,1.1879775524139404,1.1310275793075562,0.028673037886619568,0.028276890516281128,0.1821693778038025
312,1.1773282289505005,1.0948247909545898,0.04370070993900299,0.03880270570516586,0.1821148693561554
313,1.1561801433563232,1.136979341506958,0.008497849106788635,0.010703001171350479,0.1820603460073471
314,1.2313426733016968,1.1305797100067139,0.04966331645846367,0.05109964683651924,0.18200582265853882
315,1.1948944330215454,1.1663841009140015,0.014682652428746223,0.013827639631927013,0.18195129930973053
316,1.2262901067733765,1.1625144481658936,0.029934948310256004,0.03384067118167877,0.18189682066440582
317,1.2202885150909424,1.1518778800964355,0.03496851772069931,0.03344210609793663,0.1818423569202423
318,1.2166374921798706,1.1194010972976685,0.04870909824967384,0.04852724447846413,0.18178798258304596
319,1.2554477453231812,1.1248639822006226,0.0689779594540596,0.061605822294950485,0.18173350393772125
320,1.2271043062210083,1.1354106664657593,0.04505554586648941,0.046638187021017075,0.18167902529239655
321,1.3009897470474243,1.1683419942855835,0.06666098535060883,0.06598679721355438,0.18162454664707184
322,7.41318416595459,1.1789733171463013,3.1338775157928467,3.1003329753875732,0.18157003819942474
323,1.2728424072265625,1.1784101724624634,0.04728858917951584,0.04714368283748627,0.18151549994945526
324,1.3282793760299683,1.1275569200515747,0.10324157029390335,0.097480908036232,0.18146097660064697
325,1.261307716369629,1.1813222169876099,0.03946654498577118,0.04051900655031204,0.1814063936471939
326,1.3675347566604614,1.349433422088623,0.008505928330123425,0.009595362469553947,0.1813519448041916
327,1.2714855670928955,1.1951066255569458,0.0388106033205986,0.037568386644124985,0.1812974512577057
328,1.2561838626861572,1.2169950008392334,0.020211894065141678,0.018976960331201553,0.1812429577112198
329,1.3689076900482178,1.2437270879745483,0.062208011746406555,0.06297250837087631,0.18118853867053986
330,7.312618255615234,1.2464540004730225,3.0385982990264893,3.0275657176971436,0.18113413453102112
331,1.3725529909133911,1.2019838094711304,0.08612231910228729,0.08444686233997345,0.18107981979846954
332,1.3146827220916748,1.2831840515136719,0.014674738049507141,0.016823938116431236,0.18102551996707916
333,1.3770536184310913,1.3020975589752197,0.037940751761198044,0.037015318870544434,0.18097130954265594
334,1.31636643409729,1.293904423713684,0.012270716018974781,0.010191378183662891,0.1809171438217163
335,1.3077776432037354,1.2855583429336548,0.011261535808444023,0.010957740247249603,0.18086302280426025
336,1.3868389129638672,1.2988684177398682,0.04448556527495384,0.043484877794981,0.1808089017868042
337,1.3358147144317627,1.2134565114974976,0.05960208922624588,0.06275608390569687,0.18075482547283173
338,1.456239104270935,1.3218448162078857,0.06911282241344452,0.0652814656496048,0.18070080876350403
339,1.314955234527588,1.189590573310852,0.06363116204738617,0.06173352524638176,0.18064677715301514
340,1.2018367052078247,1.1799262762069702,0.01067429594695568,0.011236177757382393,0.18059274554252625
341,1.2680033445358276,1.148105263710022,0.05981650948524475,0.060081567615270615,0.18053872883319855
342,1.264074683189392,1.2267857789993286,0.01808745786547661,0.01920142024755478,0.18048472702503204
343,7.38608455657959,1.278519868850708,3.075517416000366,3.0320470333099365,0.18043078482151031
344,1.3920589685440063,1.2506827116012573,0.07271967083215714,0.06865657866001129,0.1803768277168274
345,1.1969953775405884,1.1702772378921509,0.014226689003407955,0.012491503730416298,0.18032284080982208
346,1.346972107887268,1.2774453163146973,0.03240789473056793,0.03711888939142227,0.1802687793970108
347,1.3391212224960327,1.3123278617858887,0.013417944312095642,0.013375367969274521,0.18021461367607117
348,1.2345502376556396,1.2162376642227173,0.007944662123918533,0.010367860086262226,0.1801605522632599
349,1.3565291166305542,1.2774097919464111,0.041387416422367096,0.037731923162937164,0.18010655045509338
350,1.3643161058425903,1.2890123128890991,0.0380527637898922,0.03725094348192215,0.18005262315273285
351,1.4154704809188843,1.298567295074463,0.06091858819127083,0.055984582751989365,0.17999865114688873
352,1.270358920097351,1.1802372932434082,0.046327199786901474,0.04379437118768692,0.1799444705247879
353,1.425841212272644,1.2866706848144531,0.06881330162286758,0.07035724818706512,0.17989028990268707
354,1.341240644454956,1.3101518154144287,0.016781596466898918,0.014307261444628239,0.1798361837863922
355,1.3077291250228882,1.2166128158569336,0.046080101281404495,0.0450362004339695,0.17978212237358093
356,1.3529876470565796,1.2590599060058594,0.04443040117621422,0.049497347325086594,0.17972809076309204
357,1.2166422605514526,1.1909254789352417,0.012052332051098347,0.013664494268596172,0.1796741634607315
358,1.278649091720581,1.2515473365783691,0.012483708560466766,0.014618019573390484,0.1796201914548874
359,1.32065749168396,1.246718406677246,0.03729921206831932,0.036639921367168427,0.17956621944904327
360,1.257152795791626,1.184194803237915,0.03633524850010872,0.036622755229473114,0.17951226234436035
361,1.3261531591415405,1.218684434890747,0.053796980530023575,0.05367166921496391,0.1794583797454834
362,1.3309340476989746,1.2206461429595947,0.057310838252305984,0.05297703668475151,0.17940457165241241
363,1.3262975215911865,1.2176051139831543,0.05702289193868637,0.05166942626237869,0.17935076355934143
364,1.4395220279693604,1.2442439794540405,0.10122977942228317,0.09404824674129486,0.1792970597743988
365,1.1814817190170288,1.1490890979766846,0.015577372163534164,0.016815362498164177,0.17924334108829498
366,1.2782533168792725,1.2355612516403198,0.019452165812253952,0.023239899426698685,0.17918963730335236
367,1.2331756353378296,1.175769567489624,0.028660371899604797,0.02874567173421383,0.17913593351840973
368,1.4055540561676025,1.268294334411621,0.07035699486732483,0.06690270453691483,0.1790822148323059
369,1.305027723312378,1.2341818809509277,0.03673668950796127,0.03410914167761803,0.1790284961462021
370,1.4299970865249634,1.4072015285491943,0.010039354674518108,0.01275627687573433,0.17897485196590424
371,1.3732051849365234,1.3191362619400024,0.026586126536130905,0.0274827778339386,0.17892122268676758
372,1.386216163635254,1.3745523691177368,0.005477999337017536,0.006185734644532204,0.1788676530122757
